{"cameraMode":{"drawMode":0,"name":"Shaded","section":"Shading Mode"},"sceneLighting":true,"audioPlay":false,"sceneViewState":{"m_AlwaysRefresh":false,"showFog":true,"showSkybox":true,"showFlares":true,"showImageEffects":true,"showParticleSystems":true,"showVisualEffectGraphs":true,"m_FxEnabled":true},"in2DMode":false,"pivot":{"x":404.6868896484375,"y":213.33419799804688,"z":166.95066833496095},"rotation":{"x":-0.055120743811130527,"y":0.15338027477264405,"z":-0.00855831429362297,"w":-0.9866083264350891},"size":1.2247449159622193,"orthographic":false}