{"cameraMode":{"drawMode":0,"name":"Shaded","section":"Shading Mode"},"sceneLighting":true,"audioPlay":false,"sceneViewState":{"m_AlwaysRefresh":false,"showFog":true,"showSkybox":true,"showFlares":true,"showImageEffects":true,"showParticleSystems":true,"showVisualEffectGraphs":true,"m_FxEnabled":true},"in2DMode":false,"pivot":{"x":404.74798583984377,"y":213.40000915527345,"z":166.9759979248047},"rotation":{"x":-0.04188062995672226,"y":0.14014001190662385,"z":-0.005922012962400913,"w":-0.9892443418502808},"size":1.2247449159622193,"orthographic":false}